"ds","y"
1197244800,9.59076113897809
1197331200,8.51959031601596
1197417600,8.18367658262066
1197504000,8.07246736935477
1197590400,7.8935720735049
1197676800,7.78364059622125
1197763200,8.41405243249672
1197849600,8.82922635473185
1197936000,8.38251828808963
1198022400,8.06965530688617
1198108800,7.87929148508227
1198195200,7.76174498465891
1198281600,7.52940645783701
1198368000,8.38526052015541
1198454400,8.62011072542292
1198540800,7.85243908535751
1198627200,7.85399308722424
1198713600,8.0519780789023
1198800000,7.92660259918138
1198886400,7.83834331555712
1198972800,9.70314458114435
1199059200,9.38597294061934
1199145600,8.29379960884682
1199232000,8.43468076984177
1199318400,8.26204284396694
1199404800,8.10681603894705
1199491200,7.95014988765202
1199577600,9.50925907635395
1199664000,8.84678466694523
1199750400,8.43054538469057
1199836800,8.2482674474469
1199923200,8.28172399041139
1200009600,8.29279885820037
1200096000,8.19918935907807
1200182400,9.99652241850332
1200268800,10.1270710070787
1200355200,8.93379604393486
1200441600,8.56617381363786
1200528000,8.54772239645106
1200614400,8.39976009452414
1200700800,8.22309055116153
1200787200,8.83898679349679
1200873600,10.8972021813751
1200960000,9.44493807333551
1201046400,8.92332474406756
1201132800,8.5434455625603
1201219200,8.49556089128912
1201305600,8.41737285613403
1201392000,8.57262789830434
1201478400,8.73648935100155
1201564800,8.63408694288774
1201651200,8.67351294567119
1201824000,8.82423661734664
1201910400,8.53797573059877
1201996800,9.69806112202708
1202083200,12.0974568371517
1202169600,10.6352783566883
1202256000,9.69171658751689
1202342400,9.31560088263368
1202428800,8.97081334141145
1202515200,8.58914169072882
1202601600,8.61740045183326
1202688000,8.61631428228404
1202774400,8.21554741194707
1202860800,8.06495089174914
1202947200,8.11342663994365
1203033600,7.79934339821592
1203120000,7.6275443904885
1203206400,7.55590509361135
1203292800,7.71154897962915
1203379200,7.78862606562503
1203465600,7.70841066725737
1203552000,7.76853330092603
1203638400,7.69530313496357
1203724800,7.37838371299671
1203811200,7.91059061225648
1203897600,7.62657020629066
1203984000,7.57353126274595
1204070400,7.56786260546388
1204243200,7.5522372875608
1204416000,7.33693691370762
1204675200,8.12474302038557
1204761600,7.88758403166028
1204848000,7.81963630236759
1204934400,7.38398945797851
1205020800,7.81439963380449
1205107200,7.5422134631934
1205193600,7.54855597916987
1205280000,7.6889133368648
1205366400,7.4770384723197
1205452800,7.35883089834235
1205539200,7.03262426102801
1205625600,7.11801620446533
1205712000,7.34987370473834
1205798400,7.32646561384032
1205884800,7.36391350140582
1205971200,7.27793857294566
1206057600,7.25134498337221
1206144000,7.00215595440362
1206230400,7.16394668434255
1206316800,7.7591874385078
1206403200,7.51860721681525
1206489600,7.41397029019044
1206576000,7.44249272279444
1206662400,7.2283884515736
1206748800,6.99117688712121
1206835200,7.2115567333138
1206918000,7.31121838441963
1207004400,7.34923082461333
1207090800,7.51425465281641
1207177200,7.39326309476384
1207263600,7.28619171470238
1207350000,7.27309259599952
1207436400,7.16857989726403
1207522800,7.61134771740362
1207609200,7.61775957660851
1207695600,7.42595365707754
1207782000,8.18200013629341
1207868400,7.39939808333135
1207954800,7.1066061377273
1208041200,7.08086789669078
1208127600,7.42117752859539
1208214000,7.49164547360513
1208300400,7.38585107812521
1208386800,7.68294316987829
1208473200,7.6889133368648
1208559600,7.2591161280971
1208646000,8.14496941708788
1208732400,8.71391062849392
1208818800,8.09101504171053
1208905200,7.84031298332016
1208991600,7.64873978895624
1209078000,8.02092771898158
1209164400,7.83002808253384
1209250800,7.72753511047545
1209337200,7.83597458172157
1209423600,7.62657020629066
1209510000,7.64444076155657
1209596400,7.54855597916987
1209682800,7.44073370738926
1209769200,7.07326971745971
1209855600,7.02642680869964
1209942000,7.39203156751459
1210028400,7.29301767977278
1210114800,7.36137542897735
1210201200,7.51261754467451
1210287600,7.46049030582534
1210374000,7.11476944836646
1210460400,7.12528309151071
1210546800,7.45587668749182
1210633200,7.31721240835984
1210719600,7.41034709782102
1210806000,7.40245152081824
1210892400,7.29437729928882
1210978800,6.98933526597456
1211065200,6.99301512293296
1211151600,7.4312996751559
1211238000,7.36201055125973
1211324400,7.454719949364
1211410800,7.36833968631138
1211497200,7.14361760270412
1211583600,6.8351845861473
1211670000,6.89060912014717
1211756400,6.97447891102505
1211842800,7.26612877955645
1211929200,7.27031288607902
1212015600,7.26542972325395
1212102000,7.15773548424991
1212188400,6.86589107488344
1212447600,7.15383380157884
1212534000,7.21670948670946
1212620400,7.20191631753163
1212706800,7.21229446850034
1212793200,7.18614430452233
1212879600,6.82001636467413
1212966000,6.88243747099785
1213052400,7.18311170174328
1213138800,7.24279792279376
1213225200,7.1929342212158
1213311600,7.18387071506245
1213398000,6.97073007814353
1213484400,6.9177056098353
1213570800,7.22256601882217
1213657200,7.35691824235602
1213743600,7.24279792279376
1213830000,7.22329567956231
1213916400,7.16317239084664
1214002800,7.24136628332232
1214089200,6.98656645940643
1214175600,6.96318998587024
1214262000,7.25063551189868
1214348400,7.1608459066643
1214434800,7.13249755166004
1214521200,7.09174211509515
1214607600,7.01211529430638
1214694000,6.85751406254539
1214780400,6.82762923450285
1214953200,7.13009851012558
1215039600,7.27724772663148
1215126000,7.03878354138854
1215212400,6.89060912014717
1215298800,6.95749737087695
1215385200,7.29573507274928
1215471600,7.49720722320332
1215558000,7.31055015853442
1215644400,7.20489251020467
1215730800,7.22256601882217
1215817200,7.25770767716004
1217545200,7.42595365707754
1217631600,7.11720550316434
1217718000,7.24992553671799
1217804400,8.27690348126706
1217890800,7.60638738977265
1217977200,7.64396194900253
1218063600,8.01234963932779
1218150000,7.93020620668468
1218236400,7.50878717063428
1218322800,7.52131798019924
1218409200,7.58984151218266
1218495600,7.50052948539529
1218582000,7.37023064180708
1218668400,7.38523092306657
1218754800,7.30249642372733
1218841200,7.27517231945277
1218927600,7.39203156751459
1219014000,7.51697722460432
1219100400,7.90912218321141
1219186800,7.72312009226633
1219273200,7.67042852219069
1219359600,7.62900388965296
1219446000,7.43070708254597
1219532400,7.57967882309046
1219618800,7.9483852851119
1219705200,7.79564653633459
1219791600,8.00736706798333
1219878000,7.79069603117474
1219964400,7.83280751652486
1220050800,7.51479976048867
1220137200,7.6275443904885
1220223600,7.85515700588134
1220310000,7.96485088744731
1220396400,7.74586822979227
1220482800,8.08085641964099
1220569200,8.25997565976828
1220655600,7.7698009960039
1220742000,8.17751582384608
1220828400,9.28173036806286
1220914800,8.33854487998858
1221001200,7.83042561782033
1221087600,7.8087293067444
1221174000,7.81681996576455
1221260400,7.55485852104068
1221346800,8.55506684384432
1221433200,8.20794694104862
1221519600,8.08363720314155
1221606000,7.79110951061003
1221692400,7.67089483136212
1221778800,7.64012317269536
1221865200,7.55013534248843
1221951600,8.24931374626064
1222038000,8.3039999709552
1222124400,8.12681372072611
1222210800,7.70616297019958
1222297200,7.66387725870347
1222383600,7.52671756135271
1222470000,7.92588031673756
1222556400,7.92153563213355
1222642800,8.03398273468322
1222729200,7.72577144158795
1222815600,7.69439280262942
1222902000,7.44949800538285
1222988400,7.39141523467536
1223074800,7.34601020991329
1223161200,8.10137467122858
1223247600,8.15651022607997
1223334000,7.97108575350561
1223420400,7.87283617502572
1223506800,7.63530388625941
1223593200,7.58781721999343
1223679600,7.34213173058472
1223766000,8.17751582384608
1223852400,8.34093322600088
1223938800,8.47657950853094
1224025200,7.87359778968554
1224111600,7.71735127218533
1224198000,7.49052940206071
1224284400,7.37588214821501
1224370800,8.07558263667172
1224457200,8.16536363247398
1224716400,7.58528107863913
1224802800,7.60738142563979
1224889200,7.26752542782817
1224975600,8.04012466444838
1225065600,8.10922495308995
1225152000,8.80687326653069
1225238400,7.74716496652033
1225324800,7.48099216286952
1225411200,7.34665516317654
1225497600,7.24708058458576
1225584000,7.93808872689695
1225670400,9.03562977818356
1225756800,8.04109100370863
1225843200,7.40610338123702
1225929600,7.97384437594469
1226016000,7.76811037852599
1226102400,7.4713630881871
1226188800,8.03008409426756
1226275200,8.72939712269206
1226361600,7.93701748951545
1226448000,7.66528471847135
1226534400,7.58018941794454
1226620800,7.7106533235012
1226707200,7.26122509197192
1226793600,8.04654935728308
1226880000,8.09346227450118
1226966400,7.76726399675731
1227052800,7.49665243816828
1227139200,7.5522372875608
1227225600,7.49720722320332
1227312000,7.3125534981026
1227398400,7.93880224815448
1227484800,9.05870319731322
1227571200,8.19422930481982
1227657600,7.51914995766982
1227744000,7.55118686729615
1227830400,7.71378461659875
1227916800,7.60589000105312
1228003200,8.49902922078857
1228089600,8.29179710504873
1228176000,7.89469085042562
1228262400,7.79028238070348
1228348800,7.65539064482615
1228435200,7.61035761831284
1228521600,7.53101633207792
1228608000,8.23137604557397
1228694400,8.00670084544037
1228780800,7.85864065562079
1228867200,7.69712131728263
1228953600,7.59588991771854
1229040000,7.73587031995257
1229126400,7.35115822643069
1229212800,8.03138533062553
1229299200,8.39434736141739
1229385600,7.82364593083495
1229472000,8.08671792030391
1229558400,7.77148876011762
1229644800,8.68895923427068
1229731200,7.74716496652033
1229817600,7.96067260838812
1229904000,8.62461158818351
1229990400,7.99665387546261
1230076800,7.62070508683826
1230163200,7.4318919168078
1230249600,7.46278915741245
1230336000,7.4489161025442
1230422400,8.25140306538056
1230508800,8.55525939222269
1230595200,8.31581113188354
1230681600,8.30992298925832
1230768000,7.75876054415766
1230854400,8.80821966511841
1230940800,9.12194622121359
1231027200,10.1538181636943
1231113600,9.26785427817679
1231200000,8.43424627059531
1231286400,8.13768818497761
1231372800,8.04494704961772
1231459200,8.22897764335831
1231545600,8.14118979345769
1231632000,9.21562637640542
1231718400,8.73278832497312
1231804800,8.51016857647927
1231891200,8.10409905614358
1231977600,7.95014988765202
1232064000,7.85205020726589
1232150400,7.65633716643018
1232236800,8.04430540699064
1232323200,8.80101783354071
1232409600,7.82963038915019
1232496000,7.77737360265786
1232582400,7.93522953981691
1232668800,7.67229245562876
1232755200,7.38832785957711
1232841600,7.51152464839087
1232928000,7.66340766489348
1233014400,7.78945456608667
1233100800,7.80791662892641
1233187200,7.82484569102686
1233273600,7.90654723236804
1233360000,7.70210434005105
1233446400,8.47762041629641
1233532800,9.14952823257943
1233619200,8.06211758275474
1233705600,8.06652149046999
1233792000,8.05959232888755
1233878400,8.04942705711069
1233964800,7.7621706071382
1234051200,8.09773057366422
1234137600,8.01829613851552
1234224000,7.61677580869837
1234310400,7.84267147497946
1234396800,7.76853330092603
1234483200,7.53047999524554
1234569600,7.33236920592906
1234656000,7.22402480828583
1234742400,7.41637847919293
1234828800,7.42714413340862
1234915200,7.39756153552405
1235001600,7.49554194388426
1235088000,7.39939808333135
1235174400,7.00850518208228
1235260800,7.11801620446533
1235347200,7.48380668766583
1235433600,7.57147364885127
1235520000,7.64826303090192
1235606400,7.47420480649612
1235692800,7.47250074473756
1235779200,7.2115567333138
1235865600,7.34342622914737
1235952000,7.48211892355212
1236038400,7.41095187558364
1236124800,7.40306109109009
1236211200,7.45298232946546
1236297600,7.42356844425917
1236384000,7.08506429395255
1236470400,7.21081845347222
1236556800,7.35627987655075
1236643200,7.30451594646016
1236729600,7.46565531013406
1236816000,7.86901937649902
1236902400,7.24850407237061
1236988800,7.07834157955767
1237075200,7.2211050981825
1237161600,7.33432935030054
1237248000,7.29233717617388
1237334400,7.2991214627108
1237420800,7.28344822875663
1237507200,7.30182234213793
1237593600,7.06219163228656
1237680000,7.18159194461187
1237766400,7.50549227473742
1237852800,7.87473912517181
1237939200,7.57865685059476
1238025600,7.36707705988101
1238112000,7.25700270709207
1238198400,7.05617528410041
1238284800,7.50273821075485
1238367600,7.44307837434852
1238454000,7.48155570190952
1238540400,7.48211892355212
1238626800,7.51914995766982
1238713200,7.65964295456468
1238799600,7.24422751560335
1238886000,7.23273313617761
1238972400,7.34213173058472
1239058800,7.42117752859539
1239145200,7.49220304261874
1239231600,7.31521838975297
1239318000,7.14124512235049
1239404400,7.00940893270864
1239490800,7.08757370555797
1239577200,7.30451594646016
1239663600,7.37462901521894
1239750000,7.51261754467451
1239836400,7.51752085060303
1239922800,7.37400185935016
1240009200,7.14124512235049
1240095600,7.16162200293919
1240182000,7.48493028328966
1240268400,7.51261754467451
1240354800,7.44483327389219
1240441200,7.47420480649612
1240527600,7.67182679787878
1240614000,7.84227877911735
1240700400,7.92407232492342
1240786800,7.82843635915759
1240873200,7.58680353516258
1240959600,7.62997570702779
1241046000,7.70975686445416
1241132400,7.52671756135271
1241218800,7.19368581839511
1241305200,7.25770767716004
1241391600,7.45414107814668
1241478000,7.48155570190952
1241564400,7.55903825544338
1241650800,7.44483327389219
1241737200,7.3375877435386
1241823600,7.13568734702814
1241910000,7.08506429395255
1241996400,7.27239839257005
1242082800,7.5109777520141
1242169200,7.49886973397693
1242255600,7.44424864949671
1242342000,7.40306109109009
1242428400,6.91671502035361
1242514800,6.97728134163075
1242601200,7.48268182815465
1242687600,7.41397029019044
1242774000,7.37211802833779
1242860400,7.33367639565768
1242946800,7.39510754656249
1243033200,7.03614849375054
1243119600,6.87419849545329
1243206000,6.98471632011827
1243292400,7.45587668749182
1243378800,7.49498623395053
1243465200,7.33106030521863
1243551600,7.10496544826984
1243638000,6.99393297522319
1243724400,6.93049476595163
1243810800,7.21817683840341
1243897200,7.4759059693674
1243983600,7.36454701425564
1244070000,7.23993259132047
1244156400,7.30921236569276
1244242800,7.13886699994552
1244329200,6.97260625130175
1244415600,7.18841273649695
1244502000,7.33498187887181
1244588400,7.33432935030054
1244674800,7.43248380791712
1244761200,7.39141523467536
1244847600,6.96129604591017
1244934000,7.02197642307216
1245020400,7.21376830811864
1245106800,7.50988306115491
1245193200,7.32843735289516
1245279600,7.49665243816828
1245366000,7.20042489294496
1245452400,7.08422642209792
1245538800,7.14913159855741
1245625200,7.25629723969068
1245711600,7.19818357710194
1245798000,7.28892769452126
1245884400,7.12849594568004
1245970800,7.0825485693553
1246057200,6.82219739062049
1246143600,6.94793706861497
1246230000,7.11232744471091
1246316400,7.19967834569117
1246402800,7.31721240835984
1246489200,7.09837563859079
1246575600,7.04490511712937
1246662000,7.30451594646016
1246748400,7.79358680337158
1246834800,7.80547462527086
1246921200,7.48324441607385
1247007600,7.35691824235602
1247094000,7.50714107972761
1247180400,7.37525577800975
1247266800,7.19668657083435
1247353200,7.22329567956231
1247439600,7.35244110024358
1247526000,7.31721240835984
1247612400,7.44424864949671
1247698800,7.35564110297425
1247785200,7.32448997934853
1247871600,7.21450441415114
1247958000,7.2841348061952
1248044400,7.54009032014532
1248130800,7.47477218239787
1248217200,7.82923253754359
1248303600,7.68109900153636
1248390000,7.72973533138505
1248476400,7.3031700512368
1248562800,7.28207365809346
1248649200,7.48549160803075
1248735600,7.61874237767041
1248822000,7.69393732550927
1248908400,7.53955882930103
1248994800,7.43838353004431
1249081200,7.27378631784489
1249167600,7.35564110297425
1249254000,7.65822752616135
1249340400,7.84345640437612
1249426800,8.36846113761584
1249513200,8.1721644521119
1249599600,7.81156848934518
1249686000,7.57507169950756
1249772400,7.6586995582683
1249858800,7.86633892304654
1249945200,7.78113850984502
1250031600,7.75491027202143
1250118000,7.70885960104718
1250204400,8.20712916807133
1250290800,7.71154897962915
1250377200,7.73455884435476
1250463600,7.96762673933382
1250550000,8.40380050406115
1250636400,8.29279885820037
1250722800,7.98548435673382
1250809200,8.67180090964268
1250895600,7.78239033558746
1250982000,7.78696700261487
1251068400,7.94661756324447
1251154800,8.17357548663415
1251241200,7.80954132465341
1251327600,7.80302664363222
1251414000,8.05134093329298
1251500400,7.97315543344413
1251586800,7.86901937649902
1251673200,8.16251625014018
1251759600,8.04012466444838
1251846000,7.96346006663897
1251932400,7.83834331555712
1252018800,7.91315518592807
1252105200,7.95331834656043
1252191600,8.07620452723903
1252278000,7.98241634682773
1252364400,8.1285852003745
1252450800,7.95472333449791
1252537200,8.1101268019411
1252623600,8.21365270303
1252710000,8.04686951095958
1252796400,8.9242570208881
1252882800,8.61721950548336
1252969200,8.51959031601596
1253055600,8.01433573729942
1253142000,8.05769419481559
1253228400,8.10440130792161
1253314800,7.99395754757357
1253401200,8.43185314424922
1253487600,9.73820008829795
1253574000,10.1799822793473
1253746800,8.36194190614495
1254092400,9.94884325425692
1254178800,8.75904072752422
1254265200,8.25166392360559
1254351600,8.07868822922987
1254438000,8.17357548663415
1254524400,7.88908440703551
1254610800,9.09985563880091
1254697200,9.40656483393913
1254783600,9.16440114003474
1254870000,8.48735234940522
1254956400,8.43141741439483
1255042800,8.2776661608515
1255129200,8.31213510764841
1255215600,8.79011689289247
1255302000,10.2800386504796
1255388400,9.07577987858049
1255734000,8.69918135930895
1255820400,9.08658956454001
1255906800,8.86149186428691
1255993200,8.54441917766983
1256079600,8.44762872803033
1256166000,8.25270667656764
1256252400,8.10982627601848
1256338800,8.13681086367554
1256425200,8.7268056084461
1256515200,9.38269576445829
1256601600,8.57828829077605
1256688000,8.23880116587155
1256774400,8.12237124340655
1256860800,8.05515773181968
1256947200,7.83241092718792
1257033600,8.89754559870933
1257120000,8.72566970568704
1257206400,8.56407677731509
1257292800,8.2190566610606
1257379200,8.14757773620177
1257465600,8.0013550258267
1257552000,7.78945456608667
1257638400,8.81195017753998
1257724800,9.00220857828241
1257811200,8.59304250369967
1257897600,8.28197705886776
1257984000,8.46505743699571
1258070400,8.49474306257865
1258156800,8.40514368760761
1258329600,10.558699193753
1258416000,9.12456459495478
1258502400,8.73182058296211
1258588800,8.52892411429194
1258675200,8.50512061018197
1258761600,8.27639470486331
1258934400,9.1239106439778
1259020800,8.58597270681106
1259107200,8.31556648356428
1259193600,8.66112036022288
1259280000,8.92572027356022
1259366400,8.44139147799996
1259452800,9.2277872855799
1259539200,9.26473385580652
1259625600,9.27491014262548
1259712000,8.39298958795693
1259798400,8.58522560180806
1259884800,8.42376124662369
1259971200,8.33782726244791
1260057600,9.05975001334368
1260144000,9.29825967001407
1260230400,8.76186337327473
1260316800,8.50754681436443
1260403200,8.39931015075952
1260489600,8.52357279838028
1260576000,8.37953902611744
1260662400,9.09110628405248
1260748800,9.76198159024195
1260835200,8.92956770782534
1260921600,8.53070154144103
1261008000,8.58709231879591
1261094400,9.79784922051313
1261180800,8.66475075577385
1261267200,9.17232692977797
1261353600,9.20140053040671
1261440000,9.33052053223229
1261526400,8.68457030082437
1261612800,8.50248556254396
1261699200,8.28878581042693
1261785600,8.29804166137157
1261872000,9.16293424957891
1261958400,9.54795481317617
1262044800,9.01724094201035
1262131200,8.78492762605832
1262217600,8.38662882139512
1262304000,8.33447155460094
1262390400,8.53601494565683
1262476800,8.70863965598719
1262563200,8.73004395324502
1262649600,8.37562962709445
1262736000,8.31898612539206
1262822400,8.46442512587758
1262908800,8.5972974356579
1262995200,8.92279162396964
1263081600,9.49167735686812
1263168000,9.21014035197352
1263254400,8.67795057029435
1263340800,8.60226936377136
1263427200,8.61450137388324
1263513600,8.65886634973238
1263600000,8.77940359789435
1263686400,11.0079327963967
1263772800,9.75324588920559
1263859200,9.22513045744882
1263945600,9.0177260256968
1264032000,8.93695560422523
1264118400,9.00932517273497
1264377600,11.4840629202851
1264464000,10.2642341958449
1264550400,9.69443180053954
1264636800,9.44041981429151
1264723200,9.35374783527091
1264809600,9.22847494217167
1264896000,9.30392178559771
1264982400,10.2401740519157
1265068800,9.91595945403145
1265155200,10.1115174660403
1265241600,9.85859478364539
1265328000,10.1190020766858
1265414400,10.0005688901867
1265500800,11.1914521795828
1265673600,10.4633318857817
1265760000,9.65406419220144
1265846400,9.11975899374495
1265932800,8.79573360595074
1266019200,8.44848599340645
1266105600,8.2666784433059
1266192000,8.21851757748959
1266278400,8.24249315318763
1266364800,8.00803284696931
1266451200,8.0452677166078
1266537600,7.9287663216267
1266624000,7.74500280351584
1266710400,7.86633892304654
1266796800,7.94165125293056
1266969600,8.31041499418829
1267056000,7.82803803212583
1267142400,7.87359778968554
1267228800,7.75705114203201
1267315200,7.72621265050753
1267401600,7.77527584648686
1267488000,7.79523492900217
1267574400,7.74975340627444
1267660800,8.06808962627824
1267747200,8.72583205652757
1267833600,7.65444322647011
1267920000,7.60339933974067
1268006400,7.75319426988434
1268092800,7.77022320415879
1268179200,7.63143166457691
1268265600,7.54380286750151
1268352000,7.60439634879634
1268438400,7.58426481838906
1268524800,7.5109777520141
1268611200,7.67461749736436
1268697600,7.71289096149013
1268784000,7.70165236264223
1268870400,7.63819824428578
1268956800,7.56268124672188
1269043200,7.40367029001237
1269129600,7.46622755621548
1269216000,7.61233683716775
1269302400,7.80180040190897
1269388800,8.02878116248715
1269475200,7.73017479524622
1269561600,7.63964228785801
1269648000,7.56320059235807
1269734400,7.48661331313996
1269817200,7.5076900778199
1269903600,7.65396918047877
1269990000,7.61283103040736
1270076400,7.45414107814668
1270162800,7.36707705988101
1270249200,7.45298232946546
1270335600,7.47873482556787
1270422000,7.98514393119862
1270508400,7.82164312623998
1270594800,7.66058546170326
1270681200,7.5595594960077
1270767600,7.57660976697304
1270854000,7.4500795698075
1270940400,7.49886973397693
1271026800,7.51588908521513
1271113200,7.60837447438078
1271199600,7.58629630715272
1271286000,7.68063742756094
1271372400,7.7848892956551
1271458800,7.5522372875608
1271545200,7.59890045687141
1271631600,7.64826303090192
1271718000,7.66996199547358
1271804400,7.85554467791566
1271890800,8.09651291750159
1271977200,8.92105701815743
1272063600,8.3986348552921
1272150000,7.98820359702258
1272236400,8.00269416228394
1272322800,8.07309119969315
1272409200,7.98309894071089
1272495600,7.84619881549743
1272582000,7.78655180642871
1272668400,7.44483327389219
1272754800,7.5422134631934
1272841200,7.6425241342329
1272927600,7.6511201757027
1273014000,7.51152464839087
1273100400,7.67693714581808
1273186800,7.9912539298402
1273273200,7.44190672805162
1273359600,7.38398945797851
1273446000,7.60589000105312
1273532400,7.58680353516258
1273618800,7.62119516280984
1273705200,7.29573507274928
1273791600,7.48885295573346
1273878000,7.27309259599952
1273964400,7.34665516317654
1274050800,7.47363710849621
1274137200,7.35564110297425
1274223600,7.2283884515736
1274310000,7.39694860262101
1274396400,7.47533923656674
1274482800,7.40974195408092
1274569200,7.34601020991329
1274655600,7.4079243225596
1274742000,7.38398945797851
1274828400,7.38087903556412
1274914800,7.20637729147225
1275001200,7.09340462586877
1275087600,7.10987946307227
1275174000,7.05531284333975
1275260400,7.11639414409346
1275346800,7.19218205871325
1275433200,7.24921505711439
1275519600,7.41938058291869
1275606000,7.56216163122565
1275692400,7.43307534889858
1275778800,7.28550654852279
1275865200,7.9355873855892
1275951600,9.01954299670119
1276038000,7.22548147278229
1276124400,7.02731451403978
1276210800,6.7990558620588
1276297200,5.44673737166631
1276383600,5.32300997913841
1276470000,5.26269018890489
1276556400,6.30627528694802
1276642800,6.65286302935335
1276729200,7.21964204013074
1276815600,7.38832785957711
1276902000,7.13886699994552
1276988400,7.04315991598834
1277074800,7.20637729147225
1277161200,7.02997291170639
1277247600,7.00760061395185
1277334000,6.91869521902047
1277420400,6.88448665204278
1277593200,6.13772705408623
1277766000,7.20637729147225
1277852400,7.13727843726039
1277938800,7.05444965813294
1278025200,7.11232744471091
1278111600,6.92657703322272
1278198000,6.81454289725996
1278370800,7.35500192110526
1278802800,7.13169851046691
1278889200,7.07749805356923
1278975600,7.24208235925696
1279062000,7.24708058458576
1279148400,7.646353722446
1279234800,7.45645455517621
1279321200,7.30988148582479
1279407600,7.23777819192344
1279494000,7.27517231945277
1279580400,7.46908388492123
1279666800,7.45066079621154
1279753200,8.12740456269308
1279839600,7.77485576666552
1279926000,7.52131798019924
1280012400,7.54960916515453
1280098800,7.94979721616185
1280185200,7.79770203551669
1280271600,7.79975331828725
1280358000,7.9002660367677
1280444400,7.85825418218603
1280530800,7.94165125293056
1280617200,7.67136092319064
1280703600,8.13534694890671
1280790000,8.68777949199177
1280876400,8.45318786144033
1280962800,8.06463647577422
1281049200,8.00936307663004
1281135600,7.87739718635329
1281222000,7.85515700588134
1281308400,8.14089846060785
1281394800,7.92117272158701
1281481200,7.9707403900071
1281567600,7.96519829061218
1281654000,8.13476078241865
1281740400,7.79852305362521
1281826800,8.30770596654951
1281913200,8.28071107566285
1281999600,8.74448811385292
1282086000,8.59137258959049
1282172400,8.44052810648075
1282258800,8.50976567558744
1282345200,8.35514473946184
1282431600,8.28096440055337
1282518000,8.44052810648075
1282604400,8.31385226739821
1282690800,8.08085641964099
1282777200,8.18590748148232
1282863600,8.85680335672838
1282950000,8.07309119969315
1283036400,8.14148104145742
1283122800,8.18785544369562
1283209200,8.11522197256233
1283295600,8.15908865466791
1283382000,8.20439841814938
1283468400,8.28500889544988
1283554800,8.08271113423758
1283641200,8.24564690087386
1283727600,8.2220164372022
1283814000,8.45126704130007
1283900400,8.5519810169019
1283986800,8.62515033292133
1284073200,9.13194630454817
1284159600,8.33997857199043
1284246000,9.86620096775011
1284332400,9.27077674078001
1284418800,8.77183540978982
1284505200,8.49474306257865
1284591600,8.61631428228404
1284678000,8.94780609305705
1284764400,9.07577987858049
1284850800,9.50046944807102
1284937200,11.4261031610143
1285023600,9.29550838434606
1285110000,8.61721950548336
1285196400,8.47699600166482
1285282800,8.32772616646141
1285369200,8.30375241556341
1285455600,9.330431852234
1285542000,9.41613428495528
1285628400,8.92292493064183
1285714800,8.44591198941127
1285801200,8.31115254800169
1285887600,8.27052509505507
1285974000,8.20166019080868
1286060400,9.00981411052738
1286146800,9.30909914399945
1286233200,9.12847934549586
1286319600,8.44741429680832
1286406000,8.25426877009018
1286492400,8.32482129876878
1286578800,8.10288913464087
1286665200,9.15957325492253
1286751600,8.85109068766498
1286838000,9.54057893384188
1286924400,8.49043845410742
1287010800,8.56464913257253
1287097200,8.352318548226
1287183600,8.10440130792161
1287270000,9.15334665045606
1287356400,10.0752957033132
1287442800,8.71800933084636
1287529200,8.34474275441755
1287615600,8.2630748358026
1287702000,8.25608813381491
1287788400,8.00869818298853
1287874800,8.52971447196991
1287961200,8.861350110796
1288047600,9.78914235075127
1288134000,8.50025047068593
1288220400,8.40559101483493
1288306800,8.9441588309704
1288393200,8.866581653304
1288479600,9.01456876745782
1288569600,9.13010597926558
1288656000,10.2465097200211
1288742400,8.58969988220299
1288828800,8.65067458279072
1288915200,8.78124833323686
1289001600,8.33302993974291
1289088000,9.06762406977459
1289174400,9.52332462729018
1289260800,8.70996000607173
1289347200,8.37101068123816
1289433600,8.37770121259764
1289520000,8.40043463080604
1289606400,8.18283871076603
1289692800,8.8750074860484
1289779200,9.21034037197618
1289865600,8.71456755083648
1289952000,8.31752199628717
1290038400,8.55929436743487
1290124800,8.60465446718623
1290211200,8.73375513136489
1290297600,9.54057893384188
1290384000,10.1616893196654
1290470400,8.8167050156216
1290556800,8.31409733540581
1290643200,8.7106195279423
1290729600,8.74369111054302
1290816000,8.39231000926955
1290902400,9.23073106162392
1290988800,10.2561143136283
1291075200,8.9138193508572
1291161600,8.65032450401942
1291248000,8.39004140575575
1291334400,8.3091845276863
1291420800,8.22228507387272
1291507200,9.28238192484115
1291593600,9.92260366972836
1291680000,9.16889318206201
1291766400,8.74830491237962
1291852800,8.81507308884446
1291939200,9.76330552193627
1292025600,8.56883642456808
1292112000,8.92611897115338
1292198400,9.12891337328045
1292284800,9.7195647143752
1292371200,8.78124833323686
1292457600,8.48838210956212
1292544000,8.53640741034004
1292630400,8.14409846333852
1292716800,9.10664513563742
1292803200,9.11569996782206
1292889600,9.68421151274841
1292976000,8.80011394676631
1293062400,8.54752839121231
1293148800,8.3221510702129
1293235200,8.09529377684465
1293321600,8.92345797969497
1293408000,9.37974553683691
1293494400,8.90327158572421
1293580800,8.87556669199055
1293667200,8.44139147799996
1293753600,8.59674347017425
1293840000,9.00969189848934
1293926400,9.39897529082673
1294012800,9.99392223000734
1294099200,9.06149227523977
1294185600,8.97119446318447
1294272000,8.94689552388845
1294358400,9.18696938565294
1294444800,9.0980671294934
1294531200,10.8781037947059
1294617600,9.38269576445829
1294704000,9.19897604189713
1294790400,8.62119278143472
1294876800,8.61323037961318
1294963200,8.69517199877606
1295049600,8.72029728739272
1295136000,9.50031980347665
1295222400,9.34757739028127
1295308800,8.78370269863522
1295395200,8.70217786562968
1295481600,8.6821990260005
1295568000,8.48363640788739
1295654400,8.40916244720253
1295740800,8.97309789628247
1295827200,9.55030649785165
1295913600,8.78630387828258
1296000000,8.60813018640834
1296086400,8.49494758246892
1296172800,8.44870019497094
1296259200,8.19174002127746
1296345600,8.38091517312361
1296432000,9.07394774707063
1296518400,8.35608503102148
1296604800,8.3485378253861
1296691200,8.53503310954457
1296777600,8.43489794868941
1296864000,8.5354259596773
1296950400,8.99168672593482
1297036800,9.77713036365961
1297123200,8.63887970967284
1297209600,8.28324144138542
1297296000,8.27333659850449
1297382400,8.15908865466791
1297468800,7.91352101728389
1297555200,7.8407064517494
1297641600,8.02486215028641
1297728000,7.97143099776935
1297814400,8.47782846789396
1297900800,7.95787735848981
1297987200,8.02355239240435
1298073600,7.54908271081229
1298160000,7.51969240411654
1298246400,7.87169266432365
1298332800,7.68156036255954
1298419200,7.73236922228439
1298505600,7.78239033558746
1298592000,7.65633716643018
1298678400,7.48324441607385
1298764800,7.59890045687141
1298851200,7.78613643778307
1298937600,7.75061473277041
1299024000,7.76472054477148
1299110400,7.70481192293259
1299196800,7.6586995582683
1299283200,7.34729970074316
1299369600,7.54433210805369
1299456000,7.74716496652033
1299542400,7.6889133368648
1299628800,7.77064523412918
1299715200,7.61184239958042
1299801600,7.48773376143644
1299888000,7.55747290161475
1299974400,7.56837926783652
1300060800,7.52563997504154
1300147200,7.66199755890189
1300233600,7.41637847919293
1300320000,7.44366368311559
1300406400,7.31654817718298
1300492800,7.17472430983638
1300579200,7.24779258176785
1300665600,7.41397029019044
1300752000,7.52940645783701
1300838400,7.63964228785801
1300924800,8.26975694753298
1301011200,8.33134542484572
1301097600,7.78447323573647
1301184000,7.48099216286952
1301266800,7.58781721999343
1301353200,7.67182679787878
1301439600,7.59739632021279
1301526000,7.67740043051481
1301612400,7.48436864328613
1301698800,7.26122509197192
1301785200,7.39203156751459
1301871600,7.42833319419081
1301958000,7.55747290161475
1302044400,7.48885295573346
1302130800,7.42714413340862
1302217200,8.21527695893663
1302303600,8.49371983523059
1302390000,8.14322675036744
1302476400,8.12177741916107
1302562800,8.20794694104862
1302649200,8.5197898172635
1302735600,8.57470709761684
1302822000,8.04782935745784
1302908400,7.48773376143644
1302994800,7.56631101477246
1303081200,7.9976631270201
1303167600,8.00836557031292
1303254000,7.91498300584839
1303340400,7.8804263442924
1303426800,7.84893372636407
1303513200,7.50823877467866
1303599600,7.66058546170326
1303686000,8.02747653086048
1303772400,8.10046489102936
1303858800,8.18088094199639
1303945200,8.33351070898294
1304031600,8.64100247714252
1304118000,8.46315930292375
1304204400,8.01201823915906
1304290800,7.79564653633459
1304377200,7.70571282389443
1304463600,7.77863014732581
1304550000,7.81237820598861
1304636400,7.56164174558878
1304722800,7.26332961747684
1304809200,7.35564110297425
1304895600,7.47477218239787
1304982000,7.53422832627409
1305068400,7.62997570702779
1305154800,7.62608275807238
1305241200,7.44483327389219
1305327600,7.11963563801764
1305414000,7.37023064180708
1305500400,7.54115245513631
1305586800,7.5137092478397
1305673200,7.59034694560257
1305759600,7.54802896993501
1305846000,7.36833968631138
1305932400,7.11314210870709
1306018800,7.23705902612474
1306105200,7.48717369421374
1306191600,7.61233683716775
1306278000,8.21716859576607
1306364400,7.66669020008009
1306450800,7.32646561384032
1306537200,7.09340462586877
1306623600,7.13966033596492
1306710000,7.40367029001237
1306796400,7.42595365707754
1306882800,7.43779512167193
1306969200,7.55328660560042
1307055600,7.32184971378836
1307142000,7.10332206252611
1307228400,7.11069612297883
1307314800,7.48211892355212
1307401200,7.54591815120932
1307487600,7.32778053842163
1307574000,7.21964204013074
1307660400,7.36327958696304
1307746800,7.18841273649695
1307833200,7.25063551189868
1307919600,7.4500795698075
1308006000,7.19743535409659
1308092400,7.41938058291869
1308178800,7.37963215260955
1308265200,7.40306109109009
1308351600,7.51588908521513
1308438000,7.63723438878947
1308524400,7.52617891334615
1308610800,7.3185395485679
1308697200,7.38212436573751
1308783600,7.74975340627444
1308870000,7.67600993202889
1308956400,7.26612877955645
1309042800,7.58324752430336
1309129200,7.56682847920833
1309215600,7.56008046502183
1309302000,7.63288550539513
1309388400,7.50052948539529
1309474800,7.42356844425917
1309561200,7.39018142822643
1309647600,7.21007962817079
1309734000,7.94555542825349
1309820400,7.5999019592085
1309906800,7.56268124672188
1309993200,7.61184239958042
1310079600,8.99998964246073
1310166000,8.73793385811414
1310252400,8.26796230533871
1310338800,7.77904864492556
1310425200,7.57865685059476
1310511600,7.60539236481493
1310598000,8.29179710504873
1310684400,7.61775957660851
1310770800,7.35883089834235
1310857200,7.68662133494462
1310943600,7.75362354655975
1311030000,7.77904864492556
1311116400,8.05706068196577
1311202800,7.8984110928116
1311289200,7.79729127354747
1311375600,7.51534457118044
1311462000,7.48268182815465
1311548400,7.88683299895506
1311634800,8.39728289474368
1311721200,8.26770566476243
1311807600,8.23615566168312
1311894000,8.38890517111471
1311980400,9.0788640091878
1312066800,9.63299030483845
1312153200,8.94780609305705
1312239600,8.53934599605737
1312326000,8.3478273457825
1312412400,8.32530602975258
1312498800,8.25556865328375
1312585200,8.09712193091871
1312671600,8.13593277200489
1312758000,8.01895468315572
1312844400,8.0861025356691
1312930800,8.13329386122263
1313017200,8.04974629095219
1313103600,8.19063168090354
1313190000,8.04334217044161
1313276400,8.43814998407578
1313362800,8.10741881171997
1313449200,8.16876982367527
1313535600,8.17470288246946
1313622000,8.29129585190541
1313708400,8.3059782109673
1313794800,8.42310226801664
1313881200,8.75621009188674
1313967600,8.72583205652757
1314054000,8.70748291785937
1314140400,8.51077262361331
1314226800,8.70217786562968
1314313200,8.580543506917
1314399600,9.22542600939422
1314486000,8.41116578677071
1314572400,8.45190772471761
1314658800,8.77183540978982
1314745200,8.23880116587155
1314831600,8.15708378502887
1315004400,8.03915739047324
1315090800,8.1185050675871
1315177200,9.18563775933581
1315263600,9.15239341202133
1315350000,9.02617712030286
1315436400,9.74226190403691
1315522800,10.0828463914793
1315609200,9.11107237031751
1315695600,9.73878978049572
1315782000,9.614938437645
1315868400,9.34801317710126
1315954800,8.55429627936774
1316041200,8.44955654270043
1316127600,8.43054538469057
1316214000,8.60538720215215
1316300400,9.219894584781
1316386800,9.50076867009599
1316473200,9.52230033688749
1316559600,8.47886807709457
1316646000,8.28349412616251
1316732400,8.26898820950666
1316818800,8.28324144138542
1316905200,9.03013657115323
1316991600,10.2525586604481
1317078000,9.16659744902826
1317164400,8.27537637483641
1317250800,8.3466420902212
1317337200,8.42156296040099
1317423600,8.19450550976564
1317510000,8.87766093359367
1317596400,8.9941724343984
1317682800,9.55676293945056
1317769200,8.4144957931779
1317855600,8.31139827843664
1317942000,8.365672383775
1318028400,8.14902386805177
1318114800,8.96826881077645
1318201200,8.88322423027899
1318287600,8.70450228972123
1318374000,8.23297179059344
1318460400,8.17301131172497
1318546800,8.13446757027756
1318633200,8.83433697401764
1318719600,9.08975340898706
1318806000,9.0107912695156
1318892400,8.71751837264977
1318978800,8.42200300441249
1319151600,8.20712916807133
1319238000,8.05484022110102
1319324400,8.83156587912106
1319410800,10.1827467519768
1319497200,8.80986280537906
1319583600,8.76013937002663
1319670000,8.88502565805085
1319756400,8.56159277871292
1319842800,8.2495751500002
1319929200,9.35660287895444
1320019200,9.12750209366718
1320105600,8.79102985704596
1320192000,8.65347080970879
1320278400,8.74337213127397
1320364800,8.86742743852498
1320451200,8.44009614103127
1320537600,9.37568530456302
1320624000,9.74102744483773
1320710400,8.83622857152601
1320796800,8.46104603079324
1320883200,8.21635833238616
1320969600,8.22844388300403
1321056000,8.0471895621705
1321142400,9.07234187381889
1321228800,9.46761478200654
1321315200,8.98669669562029
1321401600,8.43923164994653
1321488000,8.42398080969406
1321574400,8.58802437217683
1321660800,8.25400859056484
1321747200,8.74512525946224
1321833600,9.49514330367712
1321920000,8.72469504674049
1322006400,8.35960327084147
1322092800,8.76374072050946
1322179200,8.7279402223939
1322265600,8.38548870041881
1322352000,9.3130774494273
1322438400,9.3061958576197
1322524800,9.84675845829004
1322611200,8.79679268767466
1322697600,8.64611397148308
1322784000,8.9398431242785
1322870400,8.84375938191798
1322956800,9.7005142080113
1323043200,9.53914039514886
1323129600,8.9082888855571
1323216000,9.02183976410551
1323302400,9.10963566785455
1323388800,8.87164566750187
1323475200,8.38228942895144
1323561600,9.23229753932823
1323648000,9.85287823470959
1323734400,8.84707231256781
1323820800,8.53346016388011
1323907200,8.58802437217683
1323993600,8.48549610467298
1324080000,8.18979961872823
1324166400,9.49687178267057
1324252800,9.46280968867222
1324339200,8.84347078162738
1324425600,8.36310917603352
1324512000,8.60575336839572
1324598400,6.58617165485467
1324857600,7.63578686139558
1324944000,9.24879155835043
1325030400,8.88072457615146
1325116800,8.69617584694468
1325203200,8.45382731579442
1325289600,8.14467918344776
1325376000,9.07635173197287
1325462400,10.2446985435045
1325548800,9.85828095969805
1325635200,9.18758338485357
1325721600,8.76248954737158
1325808000,8.5016733797582
1325894400,8.65521448931361
1325980800,10.0388921895423
1326067200,9.46436224293533
1326153600,8.97309789628247
1326240000,8.95557714628151
1326326400,8.91945316857545
1326412800,8.72631895096224
1326499200,8.73921611506174
1326585600,10.26196586942
1326672000,10.5694947531438
1326758400,9.56120848888113
1326844800,9.60400276796519
1326931200,10.0861007334703
1327017600,9.72841962445348
1327104000,9.41205597587677
1327190400,9.84357829978222
1327276800,11.5721750241742
1327363200,10.2817184876905
1327449600,10.1697672187275
1327536000,9.68290322361684
1327622400,9.89550578279447
1327708800,9.37627844951961
1327795200,9.58217975243469
1327881600,10.3414521187349
1327968000,10.3339704236196
1328054400,10.2182252970113
1328140800,9.73406247747719
1328227200,10.1874627630566
1328313600,9.88857693980037
1328400000,11.075086947327
1328486400,12.6735418157462
1328572800,10.9246967023573
1328659200,10.1815358690196
1328745600,9.86339445896968
1328832000,9.92573816147095
1328918400,9.40153907670774
1329004800,9.33441468707811
1329091200,9.14750706280461
1329177600,8.91395385889425
1329264000,9.1801903950253
1329350400,9.05718919248201
1329436800,8.71275997496021
1329523200,8.40312823512826
1329609600,8.29479935899257
1329696000,9.11591979635669
1329782400,8.95156964301882
1329868800,8.3513747067213
1329955200,8.65381978894806
1330041600,8.6429443967218
1330128000,8.71620797115185
1330214400,8.36497397843873
1330300800,8.37378460812088
1330387200,8.51719319141624
1330473600,8.31825432879885
1330560000,8.39547743273214
1330646400,8.3228800217699
1330732800,8.24564690087386
1330819200,8.63194942871443
1330905600,8.31066090590723
1330992000,8.43294163896865
1331078400,11.6448305358502
1331164800,11.3632879189498
1331251200,10.6929444132335
1331337600,10.3343929611261
1331424000,9.98608085083998
1331510400,10.2820952064744
1331596800,10.1943645158844
1331683200,10.0954706196007
1331769600,10.1468650106811
1331856000,10.140888975597
1331942400,10.2095373998461
1332028800,10.033682134194
1332115200,11.0828346170357
1332201600,11.1744832892926
1332288000,10.7792895676801
1332374400,9.9475044379529
1332460800,9.37602428761711
1332547200,8.99776577201121
1332633600,8.83287946027762
1332716400,8.89822898560123
1332802800,8.76467807411661
1332889200,8.54110501146255
1332975600,8.39615486303918
1333062000,8.31238059678675
1333148400,8.34117174717076
1333234800,8.1300590399928
1333321200,8.35819745992578
1333407600,8.35561499576018
1333494000,8.18172045512811
1333580400,8.10952565975287
1333666800,8.06463647577422
1333753200,7.82324569068552
1333839600,7.85476918349913
1333926000,8.10167774745457
1334012400,8.09040229659332
1334098800,7.98989937494294
1334185200,8.09894674894334
1334271600,8.65381978894806
1334358000,8.04109100370863
1334444400,8.04974629095219
1334530800,8.22147894726719
1334617200,8.17075142375753
1334703600,8.3354314778808
1334790000,8.25660734462616
1334876400,8.05769419481559
1334962800,7.70796153183549
1335049200,7.91717198884578
1335135600,8.2602342916073
1335222000,8.28803156777646
1335308400,8.36869318309779
1335394800,8.63355299253243
1335481200,9.27246974344173
1335567600,8.67556352738768
1335654000,8.48342956126343
1335826800,8.17188200612782
1335913200,8.20658361432075
1335999600,8.18896686364888
1336086000,8.03073492409854
1336172400,8.05484022110102
1336258800,9.15514473650823
1336345200,8.83331693749932
1336431600,8.34972083747249
1336518000,8.18339736999843
1336604400,7.95647679803678
1336690800,7.86940171257709
1336777200,7.70930833338587
1336863600,7.81923445385907
1336950000,7.83241092718792
1337036400,7.88683299895506
1337122800,8.03786623470962
1337209200,7.952615111651
1337295600,7.76768727718691
1337382000,7.47816969415979
1337468400,7.539027055824
1337554800,7.99799931797973
1337641200,8.30967689598773
1337727600,8.02878116248715
1337814000,7.79028238070348
1337900400,7.76174498465891
1337986800,7.47647238116391
1338073200,7.63964228785801
1338159600,7.65586401761606
1338246000,7.81963630236759
1338332400,7.81359155295243
1338418800,7.99057688174392
1338505200,7.81278281857758
1338591600,7.65775527113487
1338678000,7.69439280262942
1338764400,7.84149292446001
1338850800,7.93343838762749
1338937200,7.6511201757027
1339023600,7.72356247227797
1339110000,7.88004820097158
1339196400,7.94093976232779
1339282800,7.75876054415766
1339369200,7.63336964967958
1339455600,7.84854348245668
1339542000,7.89729647259588
1339628400,7.72223474470961
1339714800,7.71244383427499
1339801200,7.53955882930103
1339887600,7.91169052070834
1339974000,7.80139132029149
1340060400,8.4013333053217
1340146800,8.18144069571937
1340233200,7.86288203464149
1340319600,7.92407232492342
1340406000,7.56682847920833
1340492400,7.51914995766982
1340578800,7.64873978895624
1340665200,7.77064523412918
1340751600,7.60986220091355
1340838000,7.59186171488993
1340924400,7.539027055824
1341010800,7.34536484041687
1341097200,7.46336304552002
1341183600,7.51479976048867
1341270000,7.6425241342329
1341356400,7.67600993202889
1341442800,7.55799495853081
1341529200,7.6889133368648
1341615600,7.60638738977265
1341702000,7.58222919427646
1341788400,7.74196789982069
1341874800,7.78239033558746
1341961200,8.00636756765025
1342047600,8.65102453904976
1342134000,8.40357646462927
1342220400,8.3850322878139
1342306800,8.02812905943176
1342393200,7.95787735848981
1342479600,7.99530662029082
1342566000,7.99226864327075
1342652400,7.9359451033537
1342738800,7.98786409608569
1342825200,7.78364059622125
1342911600,7.8087293067444
1342998000,8.0532511535491
1343084400,7.97590836016554
1343170800,8.12237124340655
1343257200,8.55986946569667
1343343600,8.9274468162562
1343430000,8.28576542051433
1343516400,8.28399930424853
1343602800,8.16337131645991
1343689200,7.91425227874244
1343775600,7.86441990499457
1343862000,8.07215530818825
1343948400,8.0802374162167
1344034800,8.12088602109284
1344121200,8.11312710422178
1344207600,8.14438886554762
1344294000,8.06463647577422
1344380400,7.944846711002
1344466800,8.24143968982973
1344553200,9.00736702745136
1344639600,8.66233195708248
1344726000,8.80056599227992
1344812400,8.3742461820963
1344898800,8.56407677731509
1344985200,8.38434727808281
1345071600,8.12651816878071
1345158000,8.39072252736229
1345244400,8.3351915834332
1345330800,8.9278448262117
1345417200,9.0079793598445
1345503600,8.37816098272068
1345590000,8.20330402679528
1345676400,8.38571682862785
1345762800,8.31115254800169
1345849200,8.74145611599836
1345935600,9.44295889365291
1346022000,9.14590851181679
1346108400,8.58951385299586
1346194800,8.46484671104403
1346281200,8.36590507720246
1346367600,8.56541176368671
1346454000,8.4724050086261
1346540400,8.96648377906443
1346626800,8.56006109164341
1346713200,8.4690528160883
1346799600,8.74385056203024
1346886000,10.0138206842205
1346972400,8.69114649853968
1347058800,8.78094111357239
1347145200,9.83900236330972
1347231600,11.614940390377
1347318000,9.62865589206317
1347404400,8.78293635634926
1347490800,8.68118104152169
1347577200,9.00097644407034
1347663600,8.74623928838306
1347750000,9.8072519446553
1347836400,9.61266722758384
1347922800,10.5920994642943
1348009200,8.75542238014849
1348095600,8.56063574925907
1348182000,9.40516674990861
1348268400,8.45807992692373
1348354800,9.54959444997195
1348441200,9.60602446822924
1348527600,8.67726913926287
1348614000,8.17103418920548
1348700400,8.24143968982973
1348786800,8.51097389160232
1348873200,8.32360844234357
1348959600,9.25922576970599
1349046000,9.84966474583862
1349132400,8.83317113302287
1349218800,8.49780647761605
1349305200,8.63408694288774
1349391600,9.04227668692893
1349478000,8.55004752828718
1349564400,9.81809304951918
1349650800,9.9020865716205
1349737200,8.91637191488169
1349823600,8.33206770728955
1349910000,8.23668532271246
1349996400,8.40178233990491
1350082800,8.24170315972982
1350169200,9.03562977818356
1350255600,9.10409057213347
1350342000,10.8321415433937
1350428400,8.7787879291047
1350514800,8.48011418317482
1350601200,8.48941081040379
1350687600,8.25062008217469
1350774000,9.54344981789221
1350860400,9.09717167387054
1350946800,8.66939912430557
1351033200,8.34924780056679
1351119600,8.34069464792507
1351206000,8.49474306257865
1351292400,8.53326337159373
1351378800,9.21979553074694
1351468800,10.4442990717924
1351555200,8.87696334026227
1351641600,8.68185981297147
1351728000,8.49821422481843
1351814400,8.56845648535378
1351900800,8.45871626165726
1351987200,9.71818154670121
1352073600,9.68700923909068
1352160000,8.83010431791379
1352246400,8.38799525294456
1352332800,8.4984180360899
1352419200,8.84721610435754
1352505600,8.28096440055337
1352592000,9.26492324974647
1352678400,9.11173476822206
1352764800,8.70682132339263
1352851200,8.33182700443606
1352937600,8.36660283278374
1353024000,8.27690348126706
1353110400,8.12946976478423
1353196800,9.17915925449261
1353283200,9.68558026801716
1353369600,8.65521448931361
1353456000,8.29454951514368
1353542400,8.6522484224091
1353628800,8.92970011431345
1353715200,8.3959291039232
1353801600,9.46753746341524
1353888000,9.88979422540413
1353974400,8.84922702143852
1354060800,8.61431990214696
1354147200,8.48156601377309
1354233600,8.74909824839902
1354320000,8.65364531455174
1354406400,9.3482745580655
1354492800,9.67683786189263
1354579200,9.64290170574605
1354665600,8.72891172506098
1354752000,8.77894188184151
1354838400,9.96057651952026
1354924800,8.73777346032728
1355011200,9.25263328416643
1355097600,9.26624800391448
1355184000,9.42730487221368
1355270400,8.79300509129753
1355356800,8.70300863746445
1355443200,8.43944784279138
1355529600,8.29104513108173
1355616000,9.31325790598287
1355702400,9.34792603492875
1355788800,8.791486026749
1355875200,8.51899157335762
1355961600,8.41294317004244
1356048000,8.29679586577005
1356134400,8.21256839823415
1356220800,9.25655579577315
1356307200,9.65226597708712
1356393600,8.63746202380718
1356480000,8.60776488960062
1356566400,8.96533457380484
1356652800,8.68372406230387
1356739200,8.53267276226462
1356825600,9.49016666846238
1356912000,10.142858720955
1356998400,9.11162439903702
1357084800,9.08500388066489
1357171200,9.05508908670489
1357257600,9.33626792857397
1357344000,9.23960786965675
1357430400,10.1327324527083
1357516800,9.49122438992696
1357603200,9.1122864315008
1357689600,9.06357899058078
1357776000,8.97297111339799
1357862400,9.14548179962769
1357948800,10.5418617072488
1358035200,11.5075208865114
1358121600,10.1931676276506
1358208000,9.27995971385624
1358294400,8.84635304331433
1358380800,8.73262709966039
1358467200,8.65504025810836
1358553600,8.45446636150793
1358640000,8.96367227561502
1358726400,10.0210927946104
1358812800,9.00565049932022
1358899200,8.86092472971904
1358985600,8.58522560180806
1359072000,8.536211197252
1359158400,8.45850419506756
1359244800,8.53444354482276
1359331200,10.1042218823372
1359417600,8.65067458279072
1359504000,8.51218064959269
1359590400,8.48549610467298
1359676800,8.57791192645094
1359763200,8.54985397365579
1359849600,9.60622641363735
1359936000,10.0261917925116
1360022400,8.87024156729927
1360108800,8.52793528794814
1360195200,8.38343320123671
1360281600,8.20083725837985
1360368000,8.09285102753838
1360454400,8.03883475778775
1360540800,8.08641027532378
1360627200,8.03657340970731
1360713600,7.97522083865341
1360800000,7.84267147497946
1360886400,7.8935720735049
1360972800,7.81762544305337
1361059200,7.82284529027977
1361145600,7.9672801789422
1361232000,8.00670084544037
1361318400,7.91132401896335
1361404800,7.85166117788927
1361491200,7.87207397986687
1361577600,7.75362354655975
1361664000,7.68294316987829
1361750400,7.84384863815247
1361836800,8.19146305132693
1361923200,7.97831096986772
1362009600,7.92334821193015
1362096000,7.87131120332341
1362182400,7.74370325817375
1362268800,7.77863014732581
1362355200,7.83518375526675
1362441600,7.83834331555712
1362528000,7.84619881549743
1362614400,7.92044650514261
1362700800,7.75790620835175
1362787200,7.58629630715272
1362873600,7.51479976048867
1362960000,7.75790620835175
1363046400,7.80343505695217
1363132800,8.07899825868515
1363219200,8.38068594676157
1363305600,8.0643219609108
1363392000,7.85282781228174
1363478400,7.90396563403217
1363564800,7.84463264446468
1363651200,7.88945914940452
1363737600,8.22550309756692
1363824000,8.54071438645758
1363910400,8.01928379291679
1363996800,7.83122021460429
1364083200,8.43315919580623
1364169600,8.09620827165004
1364256000,7.86633892304654
1364342400,7.77904864492556
1364428800,7.77359446736019
1364515200,7.77275271646874
1364601600,7.76811037852599
1364688000,7.48099216286952
1364770800,7.74370325817375
1364857200,7.5963923040642
1364943600,7.68063742756094
1365030000,7.53849499941346
1365116400,7.4500795698075
1365202800,7.44307837434852
1365289200,7.54855597916987
1365375600,7.64060382639363
1365462000,7.67647364638916
1365548400,7.56734567601324
1365634800,8.07682603129881
1365721200,7.70120018085745
1365807600,7.36833968631138
1365894000,7.3664451483276
1365980400,7.48661331313996
1366066800,7.5740450053722
1366153200,7.568895663407
1366239600,7.63964228785801
1366326000,7.85321638815607
1366412400,7.31188616407716
1366498800,7.53636393840451
1366585200,7.68248244653451
1366671600,7.73193072194849
1366758000,8.01201823915906
1366844400,7.98036576511125
1366930800,8.17131687471973
1367017200,7.97796809312855
1367103600,7.79482315217939
1367190000,8.30424746507847
1367276400,8.05642676752298
1367362800,7.77779262633883
1367449200,8.22897764335831
1367535600,7.900636613018
1367622000,7.46164039220858
1367708400,7.54908271081229
1367794800,7.81681996576455
1367881200,7.72223474470961
1367967600,7.71556953452021
1368054000,7.72621265050753
1368140400,7.58171964012531
1368226800,7.26542972325395
1368313200,7.30114780585603
1368399600,7.47420480649612
1368486000,7.58882987830781
1368572400,7.61085279039525
1368658800,7.64778604544093
1368745200,7.60190195987517
1368831600,7.25417784645652
1368918000,7.1800698743028
1369004400,7.37713371283395
1369090800,7.57507169950756
1369177200,7.50714107972761
1369263600,7.58578882173203
1369350000,7.40731771046942
1369436400,7.03085747611612
1369522800,7.15070145759253
1369609200,7.25417784645652
1369695600,7.45066079621154
1369782000,7.55118686729615
1369868400,7.61332497954064
1369954800,7.42714413340862
1370041200,7.350516171834
1370127600,7.28824440102012
1370214000,7.434847875212
1370300400,7.53743003658651
1370386800,7.35244110024358
1370473200,7.28207365809346
1370559600,7.3031700512368
1370646000,7.29369772060144
1370732400,7.22983877815125
1370818800,7.57507169950756
1370905200,7.97418866928601
1370991600,7.61579107203583
1371078000,7.47420480649612
1371164400,7.33432935030054
1371250800,7.31920245876785
1371337200,7.40488757561612
1371423600,7.42476176182321
1371510000,7.47022413589997
1371596400,7.36770857237437
1371682800,7.2841348061952
1371769200,7.32580750259577
1371855600,7.29097477814298
1371942000,7.19142933003638
1372028400,7.28961052145117
1372114800,7.33236920592906
1372201200,7.39572160860205
1372287600,7.56734567601324
1372374000,7.62119516280984
1372460400,7.26892012819372
1372546800,7.26961674960817
1372633200,7.30787278076371
1372719600,7.28138566357028
1372806000,7.32118855673948
1372892400,7.51207124583547
1372978800,7.50052948539529
1373065200,7.11314210870709
1373151600,7.1420365747068
1373238000,7.32383056620232
1373324400,7.42892719480227
1373410800,7.52886925664225
1373497200,7.41997992366183
1373583600,7.4730690880322
1373670000,7.3375877435386
1373756400,7.35436233042148
1373842800,7.58273848891441
1373929200,7.62608275807238
1374015600,7.7596141506969
1374102000,7.94058382710424
1374188400,7.59085212368858
1374274800,7.41818082272679
1374361200,7.41155628781116
1374447600,7.59789795052178
1374620400,6.63594655568665
1374706800,7.64730883235624
1374793200,7.82763954636642
1374879600,7.63385355968177
1374966000,8.53030683056162
1375052400,8.52951694110507
1375138800,7.85127199710988
1375225200,7.79564653633459
1375311600,7.58222919427646
1375398000,7.43897159239586
1375484400,7.63867982387611
1375570800,7.52725591937378
1375657200,7.72488843932307
1375743600,7.91352101728389
1375830000,8.65956043270316
1375916400,8.29579811063615
1376002800,8.13241267450091
1376089200,7.92551897978693
1376175600,7.82843635915759
1376262000,7.84424071814181
1376348400,7.77695440332244
1376434800,7.76684053708551
1376521200,7.78986855905471
1376607600,7.69393732550927
1376694000,7.71556953452021
1376780400,8.15277405274407
1376866800,8.2529671950008
1376953200,7.94129557090653
1377039600,7.80954132465341
1377126000,7.81923445385907
1377212400,7.81237820598861
1377298800,7.54538974961182
1377385200,8.47428569040496
1377471600,7.79193595693806
1377558000,7.66809370908241
1377644400,7.80547462527086
1377730800,7.9672801789422
1377817200,7.99429498641598
1377903600,7.80954132465341
1377990000,8.70317470904168
1378076400,7.9672801789422
1378162800,8.09620827165004
1378249200,8.03786623470962
1378335600,8.58016799057763
1378422000,10.8718582692757
1378508400,9.19248185367487
1378594800,9.15069651904867
1378681200,9.82319898130729
1378767600,8.76888532613486
1378854000,8.50855599802057
1378940400,8.72972059026726
1379026800,8.92145757894788
1379113200,8.52991196382401
1379199600,10.4159817834027
1379286000,10.3369892693381
1379372400,9.14644164612595
1379458800,8.50875771259514
1379545200,8.38617292897783
1379631600,8.36100710822691
1379718000,8.12976444579417
1379804400,8.73198193834769
1379890800,8.73584667745758
1379977200,10.8196982812101
1380063600,10.6590929669357
1380150000,9.84945366404364
1380236400,8.88820487145502
1380322800,8.92771217382708
1380409200,9.66738540005753
1380495600,10.1635029066262
1380582000,9.3379417165699
1380668400,9.17719715338293
1380754800,8.87905466204227
1380841200,8.57866451350434
1380927600,8.73004395324502
1381014000,9.9533247873833
1381100400,10.2387447656008
1381186800,9.20311432688444
1381273200,8.74719318352693
1381359600,8.77554943448619
1381446000,9.2098402469345
1381532400,8.52813313145457
1381618800,9.05765528431053
1381705200,9.42294862137501
1381791600,9.02917814290207
1381878000,9.09773142759353
1381964400,9.44809663565824
1382050800,9.11250701162742
1382137200,8.80267284031282
1382223600,9.20843856468659
1382310000,11.0470891404358
1382396400,9.32758993202642
1382482800,8.67880170661265
1382569200,8.57659353469768
1382655600,8.43598313599069
1382742000,8.19007704971905
1382828400,9.06044728240157
1382918400,9.27030595314362
1383004800,8.5016733797582
1383091200,8.18729927015515
1383177600,8.0959035329611
1383264000,8.04334217044161
1383350400,7.952615111651
1383436800,8.39908510293591
1383523200,8.79102985704596
1383609600,8.3030093814735
1383696000,8.11910083763749
1383782400,8.23031079913502
1383868800,8.15765701519647
1383955200,7.82923253754359
1384041600,8.57395152523485
1384128000,9.61132880805727
1384214400,8.92385758009988
1384300800,8.3654396361887
1384387200,8.31188955823036
1384473600,8.63141433550626
1384560000,8.45382731579442
1384646400,8.90585118120802
1384732800,10.8674821444793
1384819200,9.15514473650823
1384905600,8.43944784279138
1384992000,8.44354665124794
1385078400,8.57262789830434
1385164800,8.372398606513
1385251200,8.73600738456922
1385337600,10.3885029394023
1385424000,8.70880479511728
1385510400,8.19533366716287
1385596800,8.22147894726719
1385683200,8.27512163021651
1385769600,8.16990264735914
1385856000,8.82232217747174
1385942400,9.80543361206074
1386028800,9.38907215991958
1386115200,8.98130449495713
1386201600,8.57922858233569
1386288000,8.48776438072542
1386374400,8.72192834304709
1386460800,8.9182485910357
1386547200,9.65162297294974
1386633600,8.86474666090541
1386720000,8.50936261230105
1386806400,8.63177109612367
1386892800,9.20271134481169
1386979200,8.90381521172292
1387065600,9.02653771890043
1387152000,9.23766366762507
1387238400,8.89508153175417
1387324800,8.6429443967218
1387411200,8.12976444579417
1387497600,8.29179710504873
1387584000,8.09803475617607
1387670400,9.51878049751247
1387756800,9.90468683311161
1387843200,8.93734984826739
1387929600,8.57885257180297
1388016000,8.71588010229646
1388102400,8.48899945704546
1388188800,8.50572771330696
1388275200,9.30008966411979
1388361600,10.1461591836579
1388448000,9.17709377818255
1388534400,8.83564692253477
1388620800,8.83287946027762
1388707200,8.92305821954573
1388793600,8.89329814421792
1388880000,8.60263667323371
1389052800,8.99143781491923
1389139200,8.80687326653069
1389225600,8.85409390765552
1389312000,8.93102321585603
1389398400,8.85280791762332
1389484800,10.6933076203563
1389571200,11.3075604350077
1389657600,9.83745458193169
1389744000,9.60508151672137
1389830400,9.74537068443899
1389916800,9.67564548044036
1390003200,9.43468320386588
1390089600,11.5036223246441
1390176000,11.9767789709185
1390262400,10.5425744562461
1390348800,10.004282662571
1390435200,9.73281784848262
1390521600,9.86646043169905
1390608000,9.37092743662413
1390694400,9.490544554572
1390780800,10.139152384404
1390867200,9.99984264077889
1390953600,10.0327159505439
1391040000,10.3803736928726
1391126400,10.453053004618
1391212800,10.2401383446439
1391299200,11.7605196483804
1391385600,12.846746888829
1391472000,10.7668837086558
1391558400,9.84522264440415
1391644800,9.29035230994557
1391731200,9.10331179921766
1391817600,8.79573360595074
1391904000,8.62335338724463
1391990400,8.41825644355621
1392076800,8.31090675716845
1392163200,8.23615566168312
1392249600,8.13123654969612
1392336000,7.92768504561578
1392422400,7.7591874385078
1392508800,7.72665366484764
1392595200,7.83518375526675
1392681600,7.88419993367604
1392768000,7.91461770904068
1392854400,7.92551897978693
1392940800,7.75319426988434
1393027200,7.50878717063428
1393113600,7.55747290161475
1393200000,7.80261806344267
1393286400,7.68386398025643
1393372800,7.9844627322622
1393459200,7.85166117788927
1393545600,7.68478394352278
1393632000,7.3375877435386
1393718400,7.40367029001237
1393804800,7.86787149039632
1393891200,7.8984110928116
1393977600,7.58426481838906
1394064000,7.71423114484909
1394150400,7.88945914940452
1394236800,7.32580750259577
1394323200,7.48885295573346
1394409600,7.55381085200823
1394496000,7.66996199547358
1394582400,7.98820359702258
1394668800,8.00436556497957
1394755200,7.6511201757027
1394841600,7.48661331313996
1394928000,7.44949800538285
1395014400,7.59538727885397
1395100800,7.60986220091355
1395187200,7.54802896993501
1395273600,7.61775957660851
1395360000,7.59538727885397
1395446400,7.34665516317654
1395532800,7.40123126441302
1395619200,8.09315669772264
1395705600,7.92371033396924
1395792000,7.69074316354187
1395878400,8.43901541035221
1395964800,7.78239033558746
1396051200,7.30854279753919
1396137600,7.26192709270275
1396220400,7.43720636687129
1396306800,7.54009032014532
1396393200,7.58528107863913
1396479600,7.60887062919126
1396566000,7.46450983463653
1396652400,7.15695636461564
1396738800,7.48773376143644
1396825200,7.4489161025442
1396911600,7.47022413589997
1396998000,7.43602781635185
1397084400,7.52185925220163
1397170800,7.41034709782102
1397257200,7.15617663748062
1397343600,7.13807303404435
1397430000,7.36264527041782
1397516400,7.51697722460432
1397602800,7.61726781362835
1397689200,7.49554194388426
1397775600,7.39203156751459
1397862000,7.17472430983638
1397948400,8.09132127353041
1398034800,7.51534457118044
1398121200,7.8458075026378
1398207600,7.69120009752286
1398294000,7.83478810738819
1398380400,7.67740043051481
1398466800,7.24850407237061
1398553200,7.40245152081824
1398639600,7.69439280262942
1398726000,7.82604401351897
1398812400,7.61184239958042
1398898800,7.5137092478397
1398985200,7.67600993202889
1399071600,7.24064969425547
1399158000,7.65539064482615
1399244400,8.13944052187461
1399330800,8.37493814383537
1399417200,7.90174751852014
1399503600,8.02387999273488
1399590000,8.75020786252571
1399676400,8.081784206935
1399762800,7.70436116791031
1399849200,7.86825426552061
1399935600,7.81963630236759
1400022000,7.76089319585102
1400108400,7.66715825531915
1400194800,7.63433723562832
1400281200,7.35115822643069
1400367600,7.58933582317062
1400454000,7.91022370709734
1400540400,7.85476918349913
1400626800,7.64683139143048
1400713200,7.49164547360513
1400799600,7.5234813125735
1400886000,7.0352685992811
1400972400,7.06561336359772
1401058800,7.22983877815125
1401145200,7.50823877467866
1401231600,8.31164394850298
1401318000,8.01400499477946
1401404400,7.49720722320332
1401490800,7.83161727635261
1401577200,7.15148546390474
1401663600,7.41095187558364
1401750000,7.63094658089046
1401836400,7.4759059693674
1401922800,7.58832367733522
1402009200,7.24636808010246
1402095600,7.10332206252611
1402182000,7.10414409298753
1402268400,7.1929342212158
1402354800,7.40123126441302
1402441200,7.43955930913332
1402527600,7.70796153183549
1402614000,7.350516171834
1402700400,7.32251043399739
1402786800,7.28550654852279
1402873200,7.36770857237437
1402959600,7.26752542782817
1403046000,7.22475340576797
1403132400,7.22256601882217
1403218800,7.35179986905778
1403305200,6.97541392745595
1403391600,7.04315991598834
1403478000,7.48099216286952
1403564400,7.20340552108309
1403650800,7.22402480828583
1403737200,7.11314210870709
1403823600,7.07918439460967
1403910000,6.88550967003482
1403996400,6.87419849545329
1404082800,7.72312009226633
1404169200,7.49665243816828
1404255600,7.22402480828583
1404342000,7.27239839257005
1404428400,7.07918439460967
1404514800,6.85435450225502
1404601200,6.93049476595163
1404687600,7.15617663748062
1404774000,7.31455283232408
1404860400,7.22693601849329
1404946800,7.65681009148038
1405033200,7.54009032014532
1405119600,7.21007962817079
1405206000,7.24992553671799
1405292400,7.29437729928882
1405378800,7.51914995766982
1405465200,7.42237370098682
1405551600,8.22362717580548
1405638000,7.49276030092238
1405724400,7.22475340576797
1405810800,7.25629723969068
1405897200,7.4489161025442
1405983600,7.65539064482615
1406070000,7.67136092319064
1406156400,7.92407232492342
1406242800,7.80098207125774
1406329200,7.45645455517621
1406415600,7.36264527041782
1406502000,8.21311069759668
1406588400,8.23642052726539
1406674800,7.92153563213355
1406761200,7.74500280351584
1406847600,7.57814547241947
1406934000,7.56682847920833
1407020400,7.65822752616135
1407106800,8.27078101316267
1407193200,7.80302664363222
1407279600,7.6226639513236
1407366000,7.70029520342012
1407452400,8.05864371221562
1407538800,7.64108424917491
1407625200,7.83636976054512
1407711600,8.37355374121463
1407798000,8.60940767540405
1407884400,8.17723488551019
1407970800,8.03689677268507
1408057200,7.95331834656043
1408143600,7.7848892956551
1408230000,8.07371464110986
1408316400,8.28045768658256
1408402800,8.19918935907807
1408489200,8.00034949532468
1408575600,7.88720858581393
1408662000,7.83715965000168
1408748400,7.97968130238774
1408834800,8.51839247199172
1408921200,8.35631996582815
1409007600,7.93236215433975
1409094000,7.83676478326407
1409266800,8.53719187792293
1409353200,8.02649693894541
1409439600,7.9728107841214
1409526000,8.37447688921464
1409612400,8.25322764558177
1409698800,8.44591198941127
1409785200,8.49269555981584
1409871600,8.83913175254611
1409958000,8.07589363029886
1410044400,8.75020786252571
1410130800,10.702412661625
1410217200,10.0599783492956
1410303600,8.79315687091382
1410390000,8.71440336070394
1410476400,9.05625635659347
1410562800,8.62155320674048
1410649200,9.96142621745657
1410735600,9.70856696016566
1410822000,9.19644426678407
1410908400,8.61431990214696
1410994800,8.88903257187474
1411081200,9.01627006814768
1411167600,8.19918935907807
1411254000,9.16219999664825
1411340400,9.60750445504496
1411426800,8.44290058683438
1411513200,8.15737044118677
1411599600,8.18451375303372
1411686000,8.83898679349679
1411772400,8.21283958467648
1411858800,8.33615081612066
1411945200,8.59044365315583
1412031600,8.70134640303916
1412118000,8.26642147298455
1412204400,8.27461194620955
1412290800,8.36637030168165
1412377200,8.03527891114467
1412463600,9.23151460720759
1412550000,9.96467672084855
1412636400,8.84548923675327
1412722800,8.67299964255444
1412809200,8.40065937516029
1412895600,8.58035576637388
1412982000,8.02059914989697
1413068400,9.1075321519945
1413154800,9.43835205468725
1413241200,8.50126704086598
1413327600,8.3133619511344
1413414000,8.3255483071614
1413500400,8.47637119689598
1413586800,8.20111164444276
1413673200,8.70051424854327
1413759600,11.2744652095441
1413846000,9.60757167515724
1413932400,8.87863674743007
1414018800,8.76592651372944
1414105200,9.85639594500228
1414191600,8.43424627059531
1414278000,8.8034242116007
1414368000,9.38176948760371
1414454400,8.76029622047005
1414540800,8.55506684384432
1414627200,8.46884293047519
1414713600,8.53129331579502
1414800000,8.04558828080353
1414886400,9.0902045707362
1414972800,9.45414892373398
1415059200,9.0590522577624
1415145600,8.25945819533241
1415232000,8.18952211074809
1415318400,8.19533366716287
1415404800,7.69393732550927
1415491200,8.29004161870449
1415577600,9.03288694657909
1415664000,8.38274709486331
1415750400,8.21797820315073
1415836800,8.12474302038557
1415923200,8.04686951095958
1416009600,7.57301725605255
1416096000,8.3986348552921
1416182400,8.71144331907547
1416268800,8.25114213909075
1416355200,7.99226864327075
1416441600,8.00536706731666
1416528000,8.08085641964099
1416614400,7.52833176670725
1416700800,8.20248244657654
1416787200,9.07440609473535
1416873600,8.2147358333823
1416960000,7.96797317966293
1417046400,8.12829017160705
1417132800,7.9536697786498
1417219200,7.66669020008009
1417305600,7.96554557312999
1417392000,9.14216859187285
1417478400,8.28702502516506
1417564800,8.28324144138542
1417651200,8.30102525383845
1417737600,8.38799525294456
1417824000,7.70975686445416
1417910400,8.11102783819368
1417996800,8.74560285240295
1418083200,8.39140318535794
1418169600,8.11969625295725
1418256000,8.2358907259285
1418342400,8.10681603894705
1418428800,7.71199650704767
1418515200,8.4252971767117
1418601600,8.84937050375457
1418688000,8.49310539588715
1418774400,8.17413934342947
1418860800,8.10228362448007
1418947200,7.8336002236611
1419033600,7.52294091807237
1419120000,7.91022370709734
1419206400,8.3654396361887
1419292800,9.06056344665796
1419379200,8.17919979842309
1419465600,8.01631789850341
1419552000,8.10319175228579
1419638400,7.81439963380449
1419724800,8.38799525294456
1419811200,8.74814616962193
1419897600,8.31287139434261
1419984000,7.92334821193015
1420070400,7.84658997529119
1420156800,8.3020178097512
1420243200,8.43620003220671
1420329600,8.93458687038968
1420416000,8.88861880730088
1420502400,8.66423293406555
1420588800,8.50004703258127
1420675200,8.41825644355621
1420761600,8.4721958254855
1420848000,8.30721262662831
1420934400,9.88659568486591
1421020800,10.694985739443
1421107200,9.76019438270965
1421193600,9.11007795003779
1421280000,8.79951090136887
1421366400,8.7830896717961
1421452800,8.42989086301344
1421539200,8.87877607170755
1421625600,9.75938620856187
1421712000,8.9520876435484
1421798400,8.66112036022288
1421884800,8.58485183989005
1421971200,8.39660622842712
1422057600,7.92371033396924
1422144000,8.08548677210285
1422230400,8.35890061242164
1422316800,8.30350479887278
1422403200,8.27792025817214
1422489600,8.36357570275064
1422576000,8.59822003005861
1422662400,8.08116577772543
1422748800,9.03443816698441
1422835200,10.2832245120716
1422921600,9.27322127001538
1423008000,8.71407489954152
1423180800,8.23350314023399
1423267200,7.88419993367604
1423353600,7.81278281857758
1423440000,7.93128476152589
1423526400,8.4144957931779
1423612800,8.15651022607997
1423699200,7.85709386490249
1423785600,7.9098566672694
1423872000,7.80913539812054
1423958400,7.5076900778199
1424044800,8.20385137218388
1424131200,7.82164312623998
1424217600,7.80384330353877
1424304000,7.76089319585102
1424390400,7.70345904786717
1424476800,8.06117135969092
1424563200,7.350516171834
1424649600,7.48380668766583
1424736000,7.54062152865715
1424822400,7.69666708152646
1424908800,7.50384074669895
1424995200,7.39817409297047
1425081600,7.04228617193974
1425168000,7.05272104923232
1425254400,7.36264527041782
1425340800,7.6231530684769
1425427200,7.79523492900217
1425513600,8.42683075133585
1425600000,7.9168074909376
1425686400,7.23633934275434
1425772800,7.20637729147225
1425859200,7.55642796944025
1425945600,7.58273848891441
1426032000,7.68294316987829
1426118400,7.60688453121963
1426204800,7.70345904786717
1426291200,7.15148546390474
1426377600,7.04053639021596
1426464000,7.33888813383888
1426550400,7.48436864328613
1426636800,7.35179986905778
1426723200,7.42356844425917
1426809600,7.29165620917446
1426896000,6.81673588059497
1426982400,6.91075078796194
1427068800,7.32118855673948
1427155200,7.99159228206809
1427241600,7.71289096149013
1427328000,7.28276117960559
1427414400,7.30586003268401
1427500800,6.90575327631146
1427587200,7.87321705486274
1427670000,7.08590146436561
1427756400,7.27100853828099
1427842800,7.21376830811864
1427929200,7.16626597413364
1428015600,7.21303165983487
1428102000,6.82979373751242
1428188400,6.80128303447162
1428274800,7.15773548424991
1428361200,7.04577657687951
1428447600,7.09174211509515
1428534000,7.23417717974985
1428620400,7.28000825288419
1428706800,6.69703424766648
1428793200,7.028201432058
1428879600,7.17472430983638
1428966000,7.22329567956231
1429052400,7.33693691370762
1429138800,7.36201055125973
1429225200,7.26332961747684
1429311600,6.81124437860129
1429398000,7.3185395485679
1429484400,7.64012317269536
1429570800,7.40549566319947
1429657200,7.57250298502038
1429743600,7.48549160803075
1429830000,7.33302301438648
1429916400,7.20563517641036
1430002800,7.09090982207998
1430089200,7.32646561384032
1430175600,7.35564110297425
1430262000,7.46336304552002
1430348400,7.56734567601324
1430434800,7.74975340627444
1430521200,7.14440718032114
1430607600,6.89972310728487
1430694000,7.33106030521863
1430780400,7.2211050981825
1430866800,7.7376162828579
1430953200,7.36327958696304
1431039600,7.29097477814298
1431126000,7.03878354138854
1431212400,6.93244789157251
1431298800,7.30586003268401
1431385200,7.68616230349291
1431471600,7.47929963778283
1431558000,7.26961674960817
1431644400,7.30921236569276
1431730800,6.74051935960622
1431817200,6.80572255341699
1431903600,7.14282740116162
1431990000,7.18690102041163
1432076400,7.14045304310116
1432162800,8.76155013912964
1432249200,8.27944348771267
1432335600,7.43720636687129
1432422000,7.16006920759613
1432508400,7.04141166379481
1432594800,7.17472430983638
1432681200,7.41276401742656
1432767600,7.25629723969068
1432854000,7.2848209125686
1432940400,6.72623340235875
1433026800,6.93244789157251
1433113200,7.07411681619736
1433199600,7.20266119652324
1433286000,7.16472037877186
1433372400,7.06731984865348
1433458800,6.90675477864855
1433545200,6.67708346124714
1433631600,6.51767127291227
1433718000,7.04315991598834
1433804400,7.04315991598834
1433890800,6.9177056098353
1433977200,7.05789793741186
1434063600,6.85540879860993
1434150000,6.64378973314767
1434236400,6.52502965784346
1434322800,6.89060912014717
1434409200,6.92657703322272
1434495600,7.00488198971286
1434582000,6.87316383421252
1434668400,6.89060912014717
1434754800,6.4425401664682
1434841200,6.8351845861473
1434927600,7.27239839257005
1435014000,7.07749805356923
1435100400,7.34407285057307
1435186800,7.29165620917446
1435273200,7.27170370688737
1435359600,7.454719949364
1435446000,6.69208374250663
1435532400,6.96318998587024
1435618800,7.01660968389422
1435705200,6.79122146272619
1435791600,6.82001636467413
1435878000,6.61873898351722
1435964400,6.47389069635227
1436050800,6.49978704065585
1436137200,6.8596149036542
1436223600,6.88141130364254
1436310000,6.99759598298193
1436396400,7.15226885603254
1436482800,7.19668657083435
1436569200,6.70808408385307
1436655600,6.98286275146894
1436742000,7.12849594568004
1436828400,7.08924315502751
1436914800,7.19893124068817
1437001200,8.090708716084
1437087600,7.39387829010776
1437174000,7.05012252026906
1437260400,7.19518732017871
1437346800,7.44132038971762
1437433200,7.41758040241454
1437519600,7.47420480649612
1437606000,7.39264752072162
1437692400,7.18538701558042
1437778800,6.86484777797086
1437865200,6.83410873881384
1437951600,7.28756064030972
1438038000,7.22402480828583
1438124400,7.24422751560335
1438210800,7.30653139893951
1438297200,7.31721240835984
1438383600,6.95844839329766
1438470000,6.82546003625531
1438556400,7.18159194461187
1438642800,7.27655640271871
1438729200,7.27100853828099
1438815600,7.82444593087762
1438902000,7.41938058291869
1438988400,7.00760061395185
1439074800,7.07326971745971
1439161200,7.26542972325395
1439247600,7.60240133566582
1439334000,7.55747290161475
1439420400,7.58222919427646
1439506800,7.28961052145117
1439593200,7.3304052118444
1439679600,7.2211050981825
1439766000,7.4312996751559
1439852400,7.75018416225784
1439938800,7.62997570702779
1440025200,7.73061406606374
1440111600,7.82404601085629
1440198000,7.22620901010067
1440284400,7.4770384723197
1440370800,7.86326672400957
1440457200,7.94909149983052
1440543600,7.7698009960039
1440630000,7.57967882309046
1440716400,7.54908271081229
1440802800,7.29165620917446
1440889200,7.78986855905471
1440975600,7.65681009148038
1441062000,7.53476265703754
1441148400,7.66528471847135
1441234800,8.06652149046999
1441321200,8.14931284363534
1441407600,7.72533003791713
1441494000,7.71735127218533
1441580400,7.67786350067821
1441666800,7.89506349809157
1441753200,8.07992777075827
1441839600,8.1934002319521
1441926000,8.66509582133973
1442012400,7.84463264446468
1442098800,8.77909581088053
1442185200,9.05870319731322
1442271600,8.42178300661158
1442358000,8.07215530818825
1442444400,8.40469616018909
1442530800,9.72184576464693
1442617200,8.11402544235676
1442703600,8.43076346341785
1442790000,8.54888563814873
1442876400,8.3228800217699
1442962800,8.00836557031292
1443049200,8.11999382772511
1443135600,8.58260632996447
1443222000,7.60986220091355
1443308400,8.41205487329293
1443394800,9.5410100922274
1443481200,8.55948610360649
1443567600,8.14438886554762
1443654000,7.9912539298402
1443740400,7.88532923927319
1443826800,7.4599147662411
1443913200,8.37516869138682
1443999600,8.7268056084461
1444086000,8.07527154629746
1444172400,7.80057265467065
1444258800,7.74975340627444
1444345200,7.91971976092457
1444431600,7.35627987655075
1444518000,8.17301131172497
1444690800,8.26100978602383
1444777200,7.84658997529119
1444863600,7.74022952476318
1444950000,7.83042561782033
1445036400,7.36137542897735
1445122800,8.2987883944492
1445209200,8.7417757069247
1445295600,8.39705739017626
1445382000,7.77821147451249
1445468400,7.93379687481541
1445554800,7.86018505747217
1445641200,7.94236223767433
1445727600,8.19808924895612
1445817600,8.42901750051251
1445904000,8.05674377497531
1445990400,7.81116338502528
1446076800,7.78655180642871
1446163200,8.1086232683546
1446249600,7.62119516280984
1446336000,8.09285102753838
1446422400,9.39224517527379
1446508800,8.45318786144033
1446595200,8.09437844497296
1446681600,7.9912539298402
1446768000,8.32820949174873
1446854400,7.64108424917491
1446940800,8.48632152774915
1447027200,9.16356318041725
1447113600,8.18841130807903
1447200000,7.82644313545601
1447286400,7.96067260838812
1447372800,7.67229245562876
1447459200,7.16317239084664
1447545600,7.90211754627645
1447632000,9.63430006272051
1447718400,8.84822206837138
1447804800,8.38320455141292
1447891200,8.16451026874704
1447977600,8.05293303679757
1448064000,7.56112158953024
1448150400,8.25634777291802
1448236800,8.67282848294769
1448323200,8.30647216010058
1448409600,8.05896001776942
1448496000,7.87245515006398
1448582400,8.19533366716287
1448668800,7.59135704669855
1448755200,8.02158453345511
1448841600,12.1496715918794
1448928000,11.5230440984914
1449014400,8.71177264560569
1449100800,8.05610965954506
1449187200,8.08147504013705
1449273600,7.45876269238096
1449360000,8.01400499477946
1449446400,8.49678638163858
1449532800,7.98104975966596
1449619200,7.77779262633883
1449705600,8.2602342916073
1449792000,7.86633892304654
1449878400,7.31055015853442
1449964800,7.71824095195932
1450051200,8.31947369244219
1450137600,8.23668532271246
1450224000,7.80751004221619
1450310400,7.59186171488993
1450396800,7.52886925664225
1450483200,7.17165682276851
1450569600,7.89133075766189
1450656000,8.36007143564403
1450742400,8.11042723757502
1450828800,7.77527584648686
1450915200,7.34729970074316
1451001600,7.30182234213793
1451088000,7.12044437239249
1451174400,8.87877607170755
1451260800,9.25061821847475
1451347200,9.24792513230345
1451433600,8.39140318535794
1451520000,8.00469951054955
1451606400,7.58933582317062
1451692800,7.82524529143177
1451779200,8.24931374626064
1451865600,9.29514097366865
1451952000,8.56826646160024
1452038400,8.35255436947459
1452124800,8.29579811063615
1452211200,8.29029259122431
1452297600,7.78572089653462
1452384000,8.28172399041139
1452470400,8.4707303170059
1452556800,8.13505390861157
1452643200,8.06714903991011
1452729600,8.02355239240435
1452816000,8.02191277898571
1452902400,7.81722278550817
1452988800,9.27387839278017
1453075200,10.3337753460756
1453161600,9.12587121534973
1453248000,8.89137400948464
